trial,D (px),W (px),MT (s),hit
0,351.8427,40,2.317492,1
1,428.1193,40,2.201864,1
2,882.7641,40,2.463118,1
3,917.5036,40,2.381907,1
4,1046.2831,40,2.584326,0
5,217.9084,40,2.074681,1
6,129.4472,40,1.962344,1
7,763.9928,40,2.536918,0
8,389.2716,40,2.243507,1
9,332.6849,40,2.187693,1
10,479.3821,40,2.148331,1
11,314.1097,40,2.091782,1
12,301.7746,40,2.361955,1
13,887.9364,40,2.421884,1
14,1183.5529,40,2.617492,1
